"0","#Check for duplicate rows in Test"
"0","anyDuplicated(Test)"
"1","[1]"
"1"," 0"
"1","
"
"0","#Check for duplicate rows in Train_Data"
"0","anyDuplicated(Train_Data)"
"1","[1]"
"1"," 0"
"1","
"
"0","#Check for duplicate rows in Validation_Data"
"0","anyDuplicated(Validation_Data)"
"1","[1]"
"1"," 0"
"1","
"
"0","#Combine all data sets back into one set"
"0","all_data = rbind(Test, Train_Data, Validation_Data)"
"0",""
"0","#Check for duplicate rows between all data sets"
"0","anyDuplicated(all_data)"
"1","[1]"
"1"," 0"
"1","
"
